title;tenant
Test;d439e362-ecdf-4d78-8fed-86c7c639b131
VNA;d439e362-ecdf-4d78-8fed-86c7c639b131
00000;b42b7346-80a2-4fd1-b40b-068028b96de0
10000;b42b7346-80a2-4fd1-b40b-068028b96de0
20000;b42b7346-80a2-4fd1-b40b-068028b96de0
30000;b42b7346-80a2-4fd1-b40b-068028b96de0
31000;b42b7346-80a2-4fd1-b40b-068028b96de0
32000;b42b7346-80a2-4fd1-b40b-068028b96de0
33000;b42b7346-80a2-4fd1-b40b-068028b96de0
51401;b42b7346-80a2-4fd1-b40b-068028b96de0
51402;b42b7346-80a2-4fd1-b40b-068028b96de0
51404;b42b7346-80a2-4fd1-b40b-068028b96de0
51407;b42b7346-80a2-4fd1-b40b-068028b96de0
